team,conference ,eligible,eliminatedDavidson,A-10,TRUE,FALSEDayton,A-10,TRUE,FALSEDuquesne,A-10,TRUE,FALSEFordham,A-10,TRUE,FALSEGeorge Mason,A-10,TRUE,FALSEGeorge Washington,A-10,TRUE,FALSELa Salle,A-10,TRUE,FALSEMassachusetts,A-10,TRUE,FALSERhode Island,A-10,TRUE,FALSERichmond,A-10,TRUE,FALSESaint Joseph's,A-10,TRUE,FALSESaint Louis,A-10,TRUE,FALSESt. Bonaventure,A-10,TRUE,FALSEVCU,A-10,TRUE,FALSEFGCU,A-Sun,TRUE,FALSEJacksonville,A-Sun,TRUE,FALSEKennesaw St.,A-Sun,TRUE,FALSELipscomb,A-Sun,TRUE,FALSENJIT,A-Sun,TRUE,FALSENorth Florida,A-Sun,TRUE,FALSEStetson,A-Sun,TRUE,FALSEUSC Upstate,A-Sun,TRUE,FALSECincinnati,AAC,TRUE,FALSEEast Carolina,AAC,TRUE,FALSEHouston,AAC,TRUE,FALSEMemphis,AAC,TRUE,FALSESMU,AAC,TRUE,FALSESouth Fla.,AAC,TRUE,FALSETemple,AAC,TRUE,FALSETulane,AAC,TRUE,FALSETulsa,AAC,TRUE,FALSEUCF,AAC,TRUE,FALSEUConn,AAC,TRUE,FALSEWichita St.,AAC,TRUE,FALSEBoston College,ACC,TRUE,FALSEClemson,ACC,TRUE,FALSEDuke,ACC,TRUE,FALSEFlorida St.,ACC,TRUE,FALSEGeorgia Tech,ACC,TRUE,FALSELouisville,ACC,TRUE,FALSEMiami (FL),ACC,TRUE,FALSENorth Carolina,ACC,TRUE,FALSENorth Carolina St.,ACC,TRUE,FALSENotre Dame,ACC,TRUE,FALSEPittsburgh,ACC,TRUE,FALSESyracuse,ACC,TRUE,FALSEVirginia,ACC,TRUE,FALSEVirginia Tech,ACC,TRUE,FALSEWake Forest,ACC,TRUE,FALSEAlbany (NY),Am. East,TRUE,FALSEBinghamton,Am. East,TRUE,FALSEHartford,Am. East,TRUE,FALSEMaine,Am. East,TRUE,FALSENew Hampshire,Am. East,TRUE,FALSEStony Brook,Am. East,TRUE,FALSEUMass Lowell,Am. East,TRUE,FALSEUMBC,Am. East,TRUE,FALSEVermont,Am. East,TRUE,FALSEIllinois,Big 10,TRUE,FALSEIndiana,Big 10,TRUE,FALSEIowa,Big 10,TRUE,FALSEMaryland,Big 10,TRUE,FALSEMichigan,Big 10,TRUE,FALSEMichigan St.,Big 10,TRUE,FALSEMinnesota,Big 10,TRUE,FALSENebraska,Big 10,TRUE,FALSENorthwestern,Big 10,TRUE,FALSEOhio St.,Big 10,TRUE,FALSEPenn St.,Big 10,TRUE,FALSEPurdue,Big 10,TRUE,FALSERutgers,Big 10,TRUE,FALSEWisconsin,Big 10,TRUE,FALSEBaylor,Big 12,TRUE,FALSEIowa St.,Big 12,TRUE,FALSEKansas,Big 12,TRUE,FALSEKansas St.,Big 12,TRUE,FALSEOklahoma,Big 12,TRUE,FALSEOklahoma St.,Big 12,TRUE,FALSETCU,Big 12,TRUE,FALSETexas,Big 12,TRUE,FALSETexas Tech,Big 12,TRUE,FALSEWest Virginia,Big 12,TRUE,FALSEButler,Big East,TRUE,FALSECreighton,Big East,TRUE,FALSEDePaul,Big East,TRUE,FALSEGeorgetown,Big East,TRUE,FALSEMarquette,Big East,TRUE,FALSEProvidence,Big East,TRUE,FALSESeton Hall,Big East,TRUE,FALSESt. John's (NY),Big East,TRUE,FALSEVillanova,Big East,TRUE,FALSEXavier,Big East,TRUE,FALSEEastern Wash.,Big Sky,TRUE,FALSEIdaho,Big Sky,TRUE,FALSEIdaho St.,Big Sky,TRUE,FALSEMontana,Big Sky,TRUE,FALSEMontana St.,Big Sky,TRUE,FALSENorth Dakota,Big Sky,TRUE,FALSENorthern Ariz.,Big Sky,TRUE,FALSENorthern Colo.,Big Sky,TRUE,FALSEPortland St.,Big Sky,TRUE,FALSESacramento St.,Big Sky,TRUE,FALSESouthern Utah,Big Sky,TRUE,FALSEWeber St.,Big Sky,TRUE,FALSECampbell,Big South,TRUE,FALSECharleston So.,Big South,TRUE,FALSEGardner-Webb,Big South,TRUE,FALSEHigh Point,Big South,TRUE,FALSELiberty,Big South,TRUE,FALSELongwood,Big South,TRUE,FALSEPresbyterian,Big South,TRUE,FALSERadford,Big South,TRUE,FALSEUNC Asheville,Big South,TRUE,FALSEWinthrop,Big South,TRUE,FALSECal Poly,Big West,TRUE,FALSECal St. Fullerton,Big West,TRUE,FALSECSUN,Big West,TRUE,FALSEHawaii,Big West,TRUE,FALSELong Beach St.,Big West,TRUE,FALSEUC Davis,Big West,TRUE,FALSEUC Irvine,Big West,TRUE,FALSEUC Riverside,Big West,TRUE,FALSEUC Santa Barbara,Big West,TRUE,FALSECharlotte,C-USA,TRUE,FALSEFIU,C-USA,TRUE,FALSEFla. Atlantic,C-USA,TRUE,FALSELouisiana Tech,C-USA,TRUE,FALSEMarshall,C-USA,TRUE,FALSEMiddle Tenn.,C-USA,TRUE,FALSENorth Texas,C-USA,TRUE,FALSEOld Dominion,C-USA,TRUE,FALSERice,C-USA,TRUE,FALSESouthern Miss.,C-USA,TRUE,FALSEUAB,C-USA,TRUE,FALSEUTEP,C-USA,TRUE,FALSEUTSA,C-USA,TRUE,FALSEWestern Ky.,C-USA,TRUE,FALSECol. of Charleston,CAA,TRUE,FALSEDelaware,CAA,TRUE,FALSEDrexel,CAA,TRUE,FALSEElon,CAA,TRUE,FALSEHofstra,CAA,TRUE,FALSEJames Madison,CAA,TRUE,FALSENortheastern,CAA,TRUE,FALSETowson,CAA,TRUE,FALSEUNCW,CAA,TRUE,FALSEWilliam & Mary,CAA,TRUE,FALSECleveland St.,Horizon,TRUE,FALSEDetroit Mercy,Horizon,TRUE,FALSEGreen Bay,Horizon,TRUE,FALSEIll.-Chicago,Horizon,TRUE,FALSEIUPUI,Horizon,TRUE,FALSEMilwaukee,Horizon,TRUE,FALSENorthern Ky.,Horizon,TRUE,FALSEOakland,Horizon,TRUE,FALSEWright St.,Horizon,TRUE,FALSEYoungstown St.,Horizon,TRUE,FALSEBrown,Ivy,TRUE,FALSEColumbia,Ivy,TRUE,FALSECornell,Ivy,TRUE,FALSEDartmouth,Ivy,TRUE,FALSEHarvard,Ivy,TRUE,FALSEPenn,Ivy,TRUE,FALSEPrinceton,Ivy,TRUE,FALSEYale,Ivy,TRUE,FALSECanisius,MAAC,TRUE,FALSEFairfield,MAAC,TRUE,FALSEIona,MAAC,TRUE,FALSEManhattan,MAAC,TRUE,FALSEMarist,MAAC,TRUE,FALSEMonmouth,MAAC,TRUE,FALSENiagara,MAAC,TRUE,FALSEQuinnipiac,MAAC,TRUE,FALSERider,MAAC,TRUE,FALSESaint Peter's,MAAC,TRUE,FALSESiena,MAAC,TRUE,FALSEAkron,MAC,TRUE,FALSEBall St.,MAC,TRUE,FALSEBowling Green,MAC,TRUE,FALSEBuffalo,MAC,TRUE,FALSECentral Mich.,MAC,TRUE,FALSEEastern Mich.,MAC,TRUE,FALSEKent St.,MAC,TRUE,FALSEMiami (OH),MAC,TRUE,FALSENorthern Ill.,MAC,TRUE,FALSEOhio,MAC,TRUE,FALSEToledo,MAC,TRUE,FALSEWestern Mich.,MAC,TRUE,FALSEBethune-Cookman,MEAC,TRUE,FALSECoppin St.,MEAC,TRUE,FALSEDelaware St.,MEAC,TRUE,FALSEFlorida A&M,MEAC,TRUE,FALSEHampton,MEAC,TRUE,FALSEHoward,MEAC,TRUE,FALSEMorgan St.,MEAC,TRUE,FALSEN.C. A&T,MEAC,TRUE,FALSEN.C. Central,MEAC,TRUE,FALSENorfolk St.,MEAC,TRUE,FALSESavannah St.,MEAC,FALSE,TRUESouth Carolina St.,MEAC,TRUE,FALSEUMES,MEAC,TRUE,FALSEBradley,MVC,TRUE,FALSEDrake,MVC,TRUE,FALSEEvansville,MVC,TRUE,FALSEIllinois St.,MVC,TRUE,FALSEIndiana St.,MVC,TRUE,FALSELoyola Chicago,MVC,TRUE,FALSEMissouri St.,MVC,TRUE,FALSESouthern Ill.,MVC,TRUE,FALSEUNI,MVC,TRUE,FALSEValparaiso,MVC,TRUE,FALSEAir Force,MWC,TRUE,FALSEBoise St.,MWC,TRUE,FALSEColorado St.,MWC,TRUE,FALSEFresno St.,MWC,TRUE,FALSENevada,MWC,TRUE,FALSENew Mexico,MWC,TRUE,FALSESan Diego St.,MWC,TRUE,FALSESan Jose St.,MWC,TRUE,FALSEUNLV,MWC,TRUE,FALSEUtah St.,MWC,TRUE,FALSEWyoming,MWC,TRUE,FALSEBryant,NEC,TRUE,FALSECentral Conn. St.,NEC,TRUE,FALSEFairleigh Dickinson,NEC,TRUE,FALSELIU Brooklyn,NEC,TRUE,FALSEMt. St. Mary's,NEC,TRUE,FALSERobert Morris,NEC,TRUE,FALSESacred Heart,NEC,TRUE,FALSESaint Francis (PA),NEC,TRUE,FALSESt. Francis Brooklyn,NEC,TRUE,FALSEWagner,NEC,TRUE,FALSEAustin Peay,OVC,TRUE,FALSEBelmont,OVC,TRUE,FALSEEastern Ill.,OVC,TRUE,FALSEEastern Ky.,OVC,TRUE,FALSEJacksonville St.,OVC,TRUE,FALSEMorehead St.,OVC,TRUE,FALSEMurray St.,OVC,TRUE,FALSESIUE,OVC,TRUE,FALSESoutheast Mo. St.,OVC,FALSE,TRUETennessee St.,OVC,TRUE,FALSETennessee Tech,OVC,TRUE,FALSEUT Martin,OVC,TRUE,FALSEArizona,Pac 12,TRUE,FALSEArizona St.,Pac 12,TRUE,FALSECalifornia,Pac 12,TRUE,FALSEColorado,Pac 12,TRUE,FALSEOregon,Pac 12,TRUE,FALSEOregon St.,Pac 12,TRUE,FALSESouthern California,Pac 12,TRUE,FALSEStanford,Pac 12,TRUE,FALSEUCLA,Pac 12,TRUE,FALSEUtah,Pac 12,TRUE,FALSEWashington,Pac 12,TRUE,FALSEWashington St.,Pac 12,TRUE,FALSEAmerican,Patriot,TRUE,FALSEArmy West Point,Patriot,TRUE,FALSEBoston U.,Patriot,TRUE,FALSEBucknell,Patriot,TRUE,FALSEColgate,Patriot,TRUE,FALSEHoly Cross,Patriot,TRUE,FALSELafayette,Patriot,TRUE,FALSELehigh,Patriot,TRUE,FALSELoyola Maryland,Patriot,TRUE,FALSENavy,Patriot,TRUE,FALSEAlabama,SEC,TRUE,FALSEArkansas,SEC,TRUE,FALSEAuburn,SEC,TRUE,FALSEFlorida,SEC,TRUE,FALSEGeorgia,SEC,TRUE,FALSEKentucky,SEC,TRUE,FALSELSU,SEC,TRUE,FALSEMississippi St.,SEC,TRUE,FALSEMissouri,SEC,TRUE,FALSEOle Miss,SEC,TRUE,FALSESouth Carolina,SEC,TRUE,FALSETennessee,SEC,TRUE,FALSETexas A&M,SEC,TRUE,FALSEVanderbilt,SEC,TRUE,FALSEChattanooga,Southern,TRUE,FALSEETSU,Southern,TRUE,FALSEFurman,Southern,TRUE,FALSEMercer,Southern,TRUE,FALSESamford,Southern,TRUE,FALSEThe Citadel,Southern,TRUE,FALSEUNCG,Southern,TRUE,FALSEVMI,Southern,TRUE,FALSEWestern Caro.,Southern,TRUE,FALSEWofford,Southern,TRUE,FALSEA&M-Corpus Chris,Southland,TRUE,FALSEAbilene Christian,Southland,TRUE,FALSECentral Ark.,Southland,TRUE,FALSEHouston Baptist,Southland,TRUE,FALSEIncarnate Word,Southland,TRUE,FALSELamar University,Southland,TRUE,FALSEMcNeese,Southland,TRUE,FALSENew Orleans,Southland,TRUE,FALSENicholls St.,Southland,TRUE,FALSENorthwestern St.,Southland,TRUE,FALSESam Houston St.,Southland,TRUE,FALSESFA,Southland,TRUE,FALSESoutheastern La.,Southland,TRUE,FALSEDenver,Summit,TRUE,FALSEFort Wayne,Summit,TRUE,FALSENorth Dakota St.,Summit,TRUE,FALSEOmaha,Summit,TRUE,FALSEOral Roberts,Summit,TRUE,FALSESouth Dakota,Summit,TRUE,FALSESouth Dakota St.,Summit,TRUE,FALSEWestern Ill.,Summit,TRUE,FALSEAppalachian St.,Sunbelt,TRUE,FALSEArkansas St.,Sunbelt,TRUE,FALSECoastal Caro.,Sunbelt,TRUE,FALSEGa. Southern,Sunbelt,TRUE,FALSEGeorgia St.,Sunbelt,TRUE,FALSELa.-Monroe,Sunbelt,TRUE,FALSELittle Rock,Sunbelt,TRUE,FALSELouisiana,Sunbelt,TRUE,FALSESouth Ala.,Sunbelt,TRUE,FALSETexas St.,Sunbelt,TRUE,FALSETroy,Sunbelt,TRUE,FALSEUT Arlington,Sunbelt,TRUE,FALSEAlabama A&M,SWAC,FALSE,TRUEAlabama St.,SWAC,TRUE,FALSEAlcorn,SWAC,FALSE,TRUEArk.-Pine Bluff,SWAC,TRUE,FALSEGrambling,SWAC,FALSE,TRUEJackson St.,SWAC,TRUE,FALSEMississippi Val.,SWAC,TRUE,FALSEPrairie View,SWAC,TRUE,FALSESouthern U.,SWAC,TRUE,FALSETexas Southern,SWAC,TRUE,FALSEChicago St.,WAC,TRUE,FALSECSU Bakersfield,WAC,TRUE,FALSEGrand Canyon,WAC,TRUE,FALSENew Mexico St.,WAC,TRUE,FALSESeattle U,WAC,TRUE,FALSEUMKC,WAC,TRUE,FALSEUtah Valley,WAC,TRUE,FALSEUTRGV,WAC,TRUE,FALSEBYU,WCC,TRUE,FALSEGonzaga,WCC,TRUE,FALSELoyola Marymount,WCC,TRUE,FALSEPacific,WCC,TRUE,FALSEPepperdine,WCC,TRUE,FALSEPortland,WCC,TRUE,FALSESaint Mary's (CA),WCC,TRUE,FALSESan Diego,WCC,TRUE,FALSESan Francisco,WCC,TRUE,FALSESanta Clara,WCC,TRUE,FALSE